<?xml version="1.0" encoding="UTF-8"?>
<con:soapui-project id="8832ab92-9346-44bd-9568-abaa36fc62d2" activeEnvironment="Default" name="CIM Service" resourceRoot="${projectDir}" soapui-version="5.5.0" abortOnError="false" runType="SEQUENTIAL" xmlns:con="http://eviware.com/soapui/config"><con:settings/><con:interface xsi:type="con:RestService" id="fa0ef1c0-3b00-4ee8-9919-3feea34f621f" wadlVersion="http://wadl.dev.java.net/2009/02" name="http://localhost:8070" type="rest" xmlns:xsi="http://www.w3.org/2001/XMLSchema-instance"><con:settings/><con:definitionCache/><con:endpoints><con:endpoint>http://localhost:8070</con:endpoint></con:endpoints><con:resource name="Cim" path="/altron/cim" id="e1d3788c-cf50-45cb-85d4-3e6f61dff779"><con:settings/><con:parameters><con:parameter><con:name>subscriberSeq</con:name><con:value/><con:style>QUERY</con:style><con:default/><con:description xsi:nil="true"/></con:parameter><con:parameter><con:name>subId</con:name><con:value/><con:style>QUERY</con:style><con:default/><con:description xsi:nil="true"/></con:parameter><con:parameter><con:name>subIdType</con:name><con:value/><con:style>QUERY</con:style><con:default/><con:description xsi:nil="true"/></con:parameter><con:parameter><con:name>subscriberType</con:name><con:value/><con:style>QUERY</con:style><con:default/><con:description xsi:nil="true"/></con:parameter><con:parameter><con:name>spName</con:name><con:value/><con:style>QUERY</con:style><con:default/><con:description xsi:nil="true"/></con:parameter><con:parameter><con:name>interactionDate</con:name><con:value/><con:style>QUERY</con:style><con:type xmlns:xs="http://www.w3.org/2001/XMLSchema">xs:date</con:type><con:default/><con:description xsi:nil="true"/></con:parameter><con:parameter><con:name>callId</con:name><con:value/><con:style>QUERY</con:style><con:default/><con:description xsi:nil="true"/></con:parameter><con:parameter><con:name>userName</con:name><con:value/><con:style>QUERY</con:style><con:default/><con:description xsi:nil="true"/></con:parameter><con:parameter><con:name>accountId</con:name><con:value/><con:style>QUERY</con:style><con:default/><con:description xsi:nil="true"/></con:parameter><con:parameter><con:name>source</con:name><con:value/><con:style>QUERY</con:style><con:default/><con:description xsi:nil="true"/></con:parameter><con:parameter><con:name>topicCode</con:name><con:value/><con:style>QUERY</con:style><con:default/><con:description xsi:nil="true"/></con:parameter><con:parameter><con:name>comment</con:name><con:value/><con:style>QUERY</con:style><con:default/><con:description xsi:nil="true"/></con:parameter></con:parameters><con:method name="Cim 1" id="ac082bc2-2419-4663-8441-fcee8711aea4" method="GET"><con:settings/><con:parameters/><con:representation type="FAULT"><con:mediaType>application/json;charset=UTF-8</con:mediaType><con:status>500 400</con:status><con:params/><con:element xmlns:cim="http://localhost/altron/cim">cim:Fault</con:element></con:representation><con:representation type="RESPONSE"><con:mediaType xsi:nil="true"/><con:status>200</con:status><con:params/><con:element>data</con:element></con:representation><con:representation type="RESPONSE"><con:mediaType xsi:nil="true"/><con:status>200</con:status><con:params/><con:element>data</con:element></con:representation><con:representation type="RESPONSE"><con:mediaType>text/plain;charset=UTF-8</con:mediaType><con:status>200</con:status><con:params/><con:element>data</con:element></con:representation><con:request name="Test Request (scratchpad)" id="9ceccafc-cdf5-4987-be3e-4f38721ed8de" mediaType="application/json"><con:settings><con:setting id="com.eviware.soapui.impl.wsdl.WsdlRequest@request-headers">&lt;xml-fragment/></con:setting></con:settings><con:endpoint>http://localhost:8070</con:endpoint><con:request/><con:originalUri>http://localhost/altron/cim</con:originalUri><con:credentials><con:authType>No Authorization</con:authType></con:credentials><con:jmsConfig JMSDeliveryMode="PERSISTENT"/><con:jmsPropertyConfig/><con:parameters>
  <con:entry key="subId" value="219ID"/>
  <con:entry key="subIdType" value="TestType"/>
  <con:entry key="callId" value="call_389"/>
  <con:entry key="interactionDate" value="2019-07-23"/>
  <con:entry key="accountId" value="089837778298002"/>
  <con:entry key="topicCode" value="topic_test"/>
  <con:entry key="spName" value="LegalTest"/>
  <con:entry key="subscriberType" value="TestSubType"/>
  <con:entry key="subscriberSeq" value="213"/>
  <con:entry key="comment" value="the testing comment"/>
  <con:entry key="source" value="test_source"/>
  <con:entry key="userName" value="testUser"/>
</con:parameters><con:parameterOrder><con:entry>subscriberSeq</con:entry><con:entry>subId</con:entry><con:entry>subIdType</con:entry><con:entry>subscriberType</con:entry><con:entry>spName</con:entry><con:entry>interactionDate</con:entry><con:entry>callId</con:entry><con:entry>userName</con:entry><con:entry>accountId</con:entry><con:entry>source</con:entry><con:entry>topicCode</con:entry><con:entry>comment</con:entry></con:parameterOrder></con:request><con:request name="Test Request (SMS)" id="9ceccafc-cdf5-4987-be3e-4f38721ed8de" mediaType="application/json"><con:settings><con:setting id="com.eviware.soapui.impl.wsdl.WsdlRequest@request-headers">&lt;xml-fragment/></con:setting></con:settings><con:endpoint>http://localhost:8070</con:endpoint><con:request/><con:originalUri>http://localhost/altron/cim</con:originalUri><con:credentials><con:authType>No Authorization</con:authType></con:credentials><con:jmsConfig JMSDeliveryMode="PERSISTENT"/><con:jmsPropertyConfig/><con:parameters>
  <con:entry key="subId" value="219ID"/>
  <con:entry key="subIdType" value="TestType"/>
  <con:entry key="callId" value="call_389"/>
  <con:entry key="interactionDate" value="2019-07-23"/>
  <con:entry key="accountId" value="089837778298002"/>
  <con:entry key="topicCode" value="&lt;topic_test>"/>
  <con:entry key="spName" value="LegalTest"/>
  <con:entry key="subscriberType" value="TestSubType"/>
  <con:entry key="subscriberSeq" value="213"/>
  <con:entry key="comment" value="the testing comment"/>
  <con:entry key="source" value="test_source"/>
  <con:entry key="userName" value="testUser"/>
</con:parameters><con:parameterOrder><con:entry>subscriberSeq</con:entry><con:entry>subId</con:entry><con:entry>subIdType</con:entry><con:entry>subscriberType</con:entry><con:entry>spName</con:entry><con:entry>interactionDate</con:entry><con:entry>callId</con:entry><con:entry>userName</con:entry><con:entry>accountId</con:entry><con:entry>source</con:entry><con:entry>topicCode</con:entry><con:entry>comment</con:entry></con:parameterOrder></con:request></con:method></con:resource></con:interface><con:properties/><con:wssContainer/><con:oAuth2ProfileContainer/><con:oAuth1ProfileContainer/></con:soapui-project>