<?xml version="1.0" encoding="UTF-8"?>
<con:soapui-project id="a3c792b7-720a-4aff-95f6-75dc66a6f161" activeEnvironment="Default" name="Metric Service" resourceRoot="${projectDir}" soapui-version="5.5.0" abortOnError="false" runType="SEQUENTIAL" xmlns:con="http://eviware.com/soapui/config"><con:settings/><con:interface xsi:type="con:RestService" id="86f3870d-55ff-4eeb-9d21-d5e02616959e" wadlVersion="http://wadl.dev.java.net/2009/02" name="http://localhost:8090" type="rest" xmlns:xsi="http://www.w3.org/2001/XMLSchema-instance"><con:settings/><con:definitionCache/><con:endpoints><con:endpoint>http://localhost:8090</con:endpoint></con:endpoints><con:resource name="Metrics" path="altron/metrics" id="540db854-0b71-4712-a2fb-62e7f02676c0"><con:settings/><con:parameters><con:parameter><con:name>periodInterval</con:name><con:value/><con:style>QUERY</con:style><con:default/><con:description xsi:nil="true"/></con:parameter><con:parameter><con:name>periodDt</con:name><con:value/><con:style>QUERY</con:style><con:default/><con:description xsi:nil="true"/></con:parameter><con:parameter><con:name>serverName</con:name><con:value/><con:style>QUERY</con:style><con:default/><con:description xsi:nil="true"/></con:parameter><con:parameter><con:name>originId</con:name><con:value/><con:style>QUERY</con:style><con:default/><con:description xsi:nil="true"/></con:parameter><con:parameter><con:name>transactionClass</con:name><con:value/><con:style>QUERY</con:style><con:default/><con:description xsi:nil="true"/></con:parameter><con:parameter><con:name>transactionType</con:name><con:value/><con:style>QUERY</con:style><con:default/><con:description xsi:nil="true"/></con:parameter><con:parameter><con:name>periodType</con:name><con:value/><con:style>QUERY</con:style><con:default/><con:description xsi:nil="true"/></con:parameter><con:parameter><con:name>transactionResult</con:name><con:value/><con:style>QUERY</con:style><con:default/><con:description xsi:nil="true"/></con:parameter><con:parameter><con:name>transactionDuration</con:name><con:value/><con:style>QUERY</con:style><con:default/><con:description xsi:nil="true"/></con:parameter></con:parameters><con:method name="Metrics 1" id="7132c61d-26f1-4c27-b44b-d89ab9b21bb9" method="GET"><con:settings/><con:parameters/><con:representation type="FAULT"><con:mediaType>text/html</con:mediaType><con:status>502 407</con:status><con:params/><con:element>html</con:element></con:representation><con:representation type="RESPONSE"><con:mediaType>text/plain;charset=UTF-8</con:mediaType><con:status>200</con:status><con:params/><con:element>data</con:element></con:representation><con:request name="Test Request" id="c858934a-56d4-4450-9fb8-b2a3e2b624bd" mediaType="application/json"><con:settings><con:setting id="com.eviware.soapui.impl.wsdl.WsdlRequest@request-headers">&lt;xml-fragment/></con:setting></con:settings><con:endpoint>http://localhost:8090</con:endpoint><con:request/><con:originalUri>http://localhost/altron/metrics</con:originalUri><con:credentials><con:authType>No Authorization</con:authType></con:credentials><con:jmsConfig JMSDeliveryMode="PERSISTENT"/><con:jmsPropertyConfig/><con:parameters>
  <con:entry key="transactionType" value="PROVISION"/>
  <con:entry key="originId" value="512"/>
  <con:entry key="transactionClass" value="PROVISION"/>
  <con:entry key="periodType" value="1HOUR"/>
  <con:entry key="periodInterval" value="4"/>
  <con:entry key="transactionDuration" value="21390"/>
  <con:entry key="serverName" value="test:callMe()"/>
  <con:entry key="periodDt" value="2019-07-23"/>
  <con:entry key="transactionResult" value="SUCCESS"/>
</con:parameters><con:parameterOrder><con:entry>periodInterval</con:entry><con:entry>periodDt</con:entry><con:entry>serverName</con:entry><con:entry>originId</con:entry><con:entry>transactionClass</con:entry><con:entry>transactionType</con:entry><con:entry>periodType</con:entry><con:entry>transactionResult</con:entry><con:entry>transactionDuration</con:entry></con:parameterOrder></con:request></con:method></con:resource></con:interface><con:properties/><con:wssContainer/><con:oAuth2ProfileContainer/><con:oAuth1ProfileContainer/><con:sensitiveInformation/></con:soapui-project>